{"cameraMode":{"drawMode":0,"name":"Shaded","section":"Shading Mode"},"sceneLighting":false,"audioPlay":false,"sceneViewState":{"showFog":true,"showMaterialUpdate":false,"showSkybox":true,"showFlares":true,"showImageEffects":true,"showParticleSystems":true},"in2DMode":false,"pivot":{"x":-0.3475494682788849,"y":-0.059543997049331668,"z":-0.4639793634414673},"rotation":{"x":0.3415849208831787,"y":0.183838352560997,"z":-0.0683194100856781,"w":0.9191603064537048},"size":3.3724305629730226,"orthographic":false}