{"cameraMode":{"drawMode":0,"name":"Shaded","section":"Shading Mode"},"sceneLighting":false,"audioPlay":false,"sceneViewState":{"showFog":true,"showMaterialUpdate":false,"showSkybox":true,"showFlares":true,"showImageEffects":true,"showParticleSystems":true},"in2DMode":false,"pivot":{"x":595.9608764648438,"y":196.62469482421876,"z":1319.1080322265625},"rotation":{"x":0.4403969943523407,"y":-0.19568666815757752,"z":0.09898802638053894,"w":0.8706082105636597},"size":157.0160675048828,"orthographic":false}