{"cameraMode":{"drawMode":0,"name":"Shaded","section":"Shading Mode"},"sceneLighting":false,"audioPlay":false,"sceneViewState":{"showFog":true,"showMaterialUpdate":false,"showSkybox":true,"showFlares":true,"showImageEffects":true,"showParticleSystems":true},"in2DMode":false,"pivot":{"x":611.8636474609375,"y":-157.589111328125,"z":606.4861450195313},"rotation":{"x":0.5353917479515076,"y":-0.04353616386651993,"z":0.027649151161313058,"w":0.8430277705192566},"size":1483.793212890625,"orthographic":false}