{"cameraMode":{"drawMode":0,"name":"Shaded","section":"Shading Mode"},"sceneLighting":false,"audioPlay":false,"sceneViewState":{"showFog":true,"showMaterialUpdate":false,"showSkybox":true,"showFlares":true,"showImageEffects":true,"showParticleSystems":true},"in2DMode":false,"pivot":{"x":608.2095336914063,"y":1041.1650390625,"z":1401.9473876953125},"rotation":{"x":0.4996698200702667,"y":-0.4489706754684448,"z":0.3411797285079956,"w":0.6575347185134888},"size":8.000162124633789,"orthographic":false}